{
    "rmse": 15.57164719254397,
    "r2_score": 0.3362787365913391,
    "neurons": 116
}