{
    "rmse": 15.546289051458048,
    "r2_score": 0.3384386897087097,
    "neurons": 135
}