{
    "actual": [
        43.9,
        69.8,
        79.0,
        79.4,
        81.4,
        61.3,
        74.9,
        12.4,
        82.6,
        94.6,
        79.4,
        27.5,
        42.8,
        44.9,
        50.5,
        65.7,
        63.4,
        72.7,
        65.1,
        66.8
    ],
    "rf_predicted": [
        58.034561163192755,
        60.53178686271619,
        42.65700843699167,
        54.71583107741893,
        36.90353644986596,
        44.376322219136135,
        55.42159993442852,
        46.27157887367893,
        61.28890406877444,
        46.18539587859192,
        75.70509951931322,
        43.76861924887745,
        0.7881806931689234,
        44.468131745104145,
        42.658378147820805,
        50.48654409531422,
        63.276231654260975,
        58.58993154094605,
        43.01322195858259,
        60.54181166689066
    ],
    "dl_predicted": [
        59.42110824584961,
        60.8918342590332,
        44.43010711669922,
        56.668357849121094,
        41.212223052978516,
        43.23122024536133,
        55.889198303222656,
        43.9787483215332,
        61.863685607910156,
        45.41294479370117,
        74.29244995117188,
        43.03895568847656,
        43.113685607910156,
        43.334007263183594,
        43.398799896240234,
        49.719886779785156,
        61.97751998901367,
        53.850093841552734,
        43.19091033935547,
        61.19535827636719
    ],
    "metrics": {
        "rf_rmse": 29.22229687986443,
        "rf_r2": 0.16976484231435673,
        "dl_rmse": 29.675208506259562,
        "dl_r2": 0.14383004889411521
    }
}