{
    "baseline_random_forest": {
        "rmse": 29.431786477712592,
        "r2_score": 0.15781854997361566
    },
    "deep_learning_model": {
        "rmse": 29.709766994156286,
        "r2_score": 0.14183476941257134
    },
    "sample_predictions": {
        "actual": [
            43.9,
            69.8,
            79.0,
            79.4,
            81.4,
            61.3,
            74.9,
            12.4,
            82.6,
            94.6
        ],
        "predicted": [
            59.018638610839844,
            60.53091049194336,
            46.15857696533203,
            57.59103775024414,
            39.9942626953125,
            43.89873123168945,
            55.63711166381836,
            47.735206604003906,
            60.945919036865234,
            46.20866775512695
        ]
    }
}